<TimeML>
Posted <TIMEX3 tid="t3" type="DATE" value="2014-11-23">23 Nov 2014</TIMEX3>, <TIMEX3 tid="t9" type="TIME" value="2014-11-23T14:37">2:37pm</TIMEX3> Sun <TIMEX3 tid="t4" type="DATE" value="2014-11-23">23 Nov 2014</TIMEX3>, <TIMEX3 tid="t10" type="TIME" value="2014-11-23T14:37">2:37pm.</TIMEX3> Age Discrimination Commissioner Susan Ryan says  Australia is losing about $10 billion <TIMEX3 tid="t12" type="DURATION" value="P1Y">a year</TIMEX3> by not employing more people over 55 . ABC Fact Check finds her claim is unsound. AAP: Alan Porritt 
</TimeML>
