<TimeML>
Posted <TIMEX3 tid="t3" type="DATE" value="2013-11-19">19 Nov 2013</TIMEX3>, <TIMEX3 tid="t9" type="TIME" value="2013-11-19T20:05">8:05pm</TIMEX3> Tue <TIMEX3 tid="t4" type="DATE" value="2013-11-19">19 Nov 2013</TIMEX3>, <TIMEX3 tid="t10" type="TIME" value="2013-11-19T20:05">8:05pm.</TIMEX3> Christopher Pyne says a VIP Boeing business jet  flight from Perth to Canberra taken by a group of WA Liberal MPs was probably  cheaper than a commercial flight. ABC Fact Check finds his claim is incorrect.
</TimeML>
