<TimeML>
Posted <TIMEX3 tid="t3" type="DATE" value="2015-10-13">13 Oct 2015</TIMEX3>, 12:58pmTue <TIMEX3 tid="t4" type="DATE" value="2015-10-13">13 Oct 2015</TIMEX3>, <TIMEX3 tid="t9" type="TIME" value="2015-10-13T24:58">12:58pm.</TIMEX3> Treasurer Scott  Morrison claims that there are "eight out of 10 income taxpayers required to go to  work <TIMEX3 tid="t10" type="SET" value="P1D" quant="EVERY">every day</TIMEX3> to pay for the $154 billion social services bill". ABC Fact Check  runs the 
</TimeML>
